time_range,rank,track_name,track_id,artist_names,album_name,album_release_date,duration_ms,explicit,isrc,spotify_url,album_image_url
short_term,1,Body,0FlcmZ13DGRmscCroro9GO,Don Toliver,OCTANE,2026-01-30,155753,True,USAT22600118,https://open.spotify.com/track/0FlcmZ13DGRmscCroro9GO,https://i.scdn.co/image/ab67616d0000b27325c28f3c9fbdbab1a88dd619
short_term,2,Left For Good,4pjSe7n2609YnMWnrJ3OVJ,Bad Omens,Left For Good,2025-11-18,233737,True,USYFZ2568301,https://open.spotify.com/track/4pjSe7n2609YnMWnrJ3OVJ,https://i.scdn.co/image/ab67616d0000b2735b74e67b65336e30c0330804
short_term,3,Roc Steady (feat. Flo Milli),4jCKLCyhHjrzz6be6NDhrd,"Megan Thee Stallion, Flo Milli",MEGAN: ACT II,2024-10-25,139193,True,USAT22409892,https://open.spotify.com/track/4jCKLCyhHjrzz6be6NDhrd,https://i.scdn.co/image/ab67616d0000b27342798d21bc473f0b75094769
short_term,4,Dethrone,7snWQ5w7rOx5ZhERKIyOuF,Bad Omens,Finding God Before God Finds Me,2019-08-02,209134,True,USYFZ1917805,https://open.spotify.com/track/7snWQ5w7rOx5ZhERKIyOuF,https://i.scdn.co/image/ab67616d0000b273843a7e1e66dd95de1957c579
short_term,5,Reprise (The Sound Of The End),2ZhiSzHw2FY7iwOcXDcAx5,Bad Omens,Bad Omens,2016-08-19,201970,True,USYFZ1566211,https://open.spotify.com/track/2ZhiSzHw2FY7iwOcXDcAx5,https://i.scdn.co/image/ab67616d0000b273ef21fc72f79bbe39944c6dba
short_term,6,Glass Houses,4VOA0YvFYuNV0WkShiGAr1,Bad Omens,Bad Omens,2016-08-19,240898,True,USYFZ1566201,https://open.spotify.com/track/4VOA0YvFYuNV0WkShiGAr1,https://i.scdn.co/image/ab67616d0000b273ef21fc72f79bbe39944c6dba
short_term,7,Nowhere To Go,7CFb7ZKNFYe7jXYEZzE8Sy,Bad Omens,THE DEATH OF PEACE OF MIND,2022-02-25,246774,True,USYFZ2264202,https://open.spotify.com/track/7CFb7ZKNFYe7jXYEZzE8Sy,https://i.scdn.co/image/ab67616d0000b273bafcef0262b82dec233717e2
short_term,8,Just Pretend,31rneVrsMC6jefCoDyQKam,Bad Omens,THE DEATH OF PEACE OF MIND,2022-02-25,204676,False,USYFZ2264208,https://open.spotify.com/track/31rneVrsMC6jefCoDyQKam,https://i.scdn.co/image/ab67616d0000b273bafcef0262b82dec233717e2
short_term,9,Specter,5krhWYmWIKJhI96deUujm8,Bad Omens,Specter,2025-08-09,274408,False,USYFZ2559001,https://open.spotify.com/track/5krhWYmWIKJhI96deUujm8,https://i.scdn.co/image/ab67616d0000b273291facfe6e704c2a78d36782
short_term,10,Nazareth,2S53xe3CB5RgDELKeU97g0,Sleep Token,Two,2017-07-21,336840,True,UK2D51700056,https://open.spotify.com/track/2S53xe3CB5RgDELKeU97g0,https://i.scdn.co/image/ab67616d0000b27359bd201a6732ae903d3b7f7a
short_term,11,Like A Villain,7h2EZbGSzzIGgAFzJXHz99,Bad Omens,THE DEATH OF PEACE OF MIND,2022-02-25,210685,True,USYFZ2264206,https://open.spotify.com/track/7h2EZbGSzzIGgAFzJXHz99,https://i.scdn.co/image/ab67616d0000b273bafcef0262b82dec233717e2
short_term,12,Dethrone (Live),5SfdrItsdmHS2dCj3nOJgG,Bad Omens,LIVE,2021-07-22,238400,True,USYFZ2147406,https://open.spotify.com/track/5SfdrItsdmHS2dCj3nOJgG,https://i.scdn.co/image/ab67616d0000b273927c836d5eb132b4261c6c66
short_term,13,Ain't No Love In Oklahoma (From Twisters: The Album),6GG4yyk3UATdBfTHVgI8PB,Luke Combs,Ain't No Love In Oklahoma (From Twisters: The Album),2024-05-16,210950,False,USAT22402805,https://open.spotify.com/track/6GG4yyk3UATdBfTHVgI8PB,https://i.scdn.co/image/ab67616d0000b2736f555ba312f3317dcbaa2cb9
short_term,14,Exit Wounds,1LDZv08sY01M611fLXcWr0,Bad Omens,Bad Omens,2016-08-19,206290,True,USYFZ1566202,https://open.spotify.com/track/1LDZv08sY01M611fLXcWr0,https://i.scdn.co/image/ab67616d0000b273ef21fc72f79bbe39944c6dba
short_term,15,Glass Houses (Live),04R2eni6SrqN9E78YyP1dZ,Bad Omens,LIVE,2021-07-22,253565,True,USYFZ2147401,https://open.spotify.com/track/04R2eni6SrqN9E78YyP1dZ,https://i.scdn.co/image/ab67616d0000b273927c836d5eb132b4261c6c66
short_term,16,The Worst In Me (Live),0HFW6jFrtUFMWbOIJzUaVF,Bad Omens,LIVE,2021-07-22,262941,False,USYFZ2147402,https://open.spotify.com/track/0HFW6jFrtUFMWbOIJzUaVF,https://i.scdn.co/image/ab67616d0000b273927c836d5eb132b4261c6c66
short_term,17,Limits,20eY1iHCeGknUmolCjYFoG,Bad Omens,Finding God Before God Finds Me (Deluxe),2020-01-17,207854,False,USYFZ2028402,https://open.spotify.com/track/20eY1iHCeGknUmolCjYFoG,https://i.scdn.co/image/ab67616d0000b2736281799d359abcda6272604a
short_term,18,Where Them Girls At,2OUK5td58k4BV2GvFdfdzr,Megan Thee Stallion,MEGAN,2024-06-28,191711,True,USAT22405473,https://open.spotify.com/track/2OUK5td58k4BV2GvFdfdzr,https://i.scdn.co/image/ab67616d0000b2730f25bf2a1522d667cec532da
short_term,19,THE DEATH OF PEACE OF MIND,4otwFzkVBdVNTBu7gxJA4A,Bad Omens,THE DEATH OF PEACE OF MIND,2022-02-25,241499,True,USYFZ2264204,https://open.spotify.com/track/4otwFzkVBdVNTBu7gxJA4A,https://i.scdn.co/image/ab67616d0000b273bafcef0262b82dec233717e2
short_term,20,Take Me First,5niq3p5CyfhApzRbLVGWYI,Bad Omens,THE DEATH OF PEACE OF MIND,2022-02-25,199685,False,USYFZ2264203,https://open.spotify.com/track/5niq3p5CyfhApzRbLVGWYI,https://i.scdn.co/image/ab67616d0000b273bafcef0262b82dec233717e2
short_term,21,NOWHERE TO GO (LIVE 2024),0tUI3e9jDFf3NNF5JDlW07,Bad Omens,CONCRETE JUNGLE [THE OST],2024-05-31,294000,True,USYFZ2408322,https://open.spotify.com/track/0tUI3e9jDFf3NNF5JDlW07,https://i.scdn.co/image/ab67616d0000b2737400362388ac9ab2a807e597
short_term,22,Blood,3KOlD8Qyw9cPDzujSw78Bj,Bad Omens,Finding God Before God Finds Me,2019-08-02,230666,True,USYFZ1917806,https://open.spotify.com/track/3KOlD8Qyw9cPDzujSw78Bj,https://i.scdn.co/image/ab67616d0000b273843a7e1e66dd95de1957c579
short_term,23,Damocles,3enIFKYJKSVyjXVzmup28I,Sleep Token,Even In Arcadia,2025-05-09,264836,False,USRC12500020,https://open.spotify.com/track/3enIFKYJKSVyjXVzmup28I,https://i.scdn.co/image/ab67616d0000b273882265cd9bdded9ea9a153b9
short_term,24,Never Know,4ilaaaAMFcKJxDjyYVm74l,Bad Omens,Finding God Before God Finds Me (Deluxe),2020-01-17,213851,False,USYFZ2028401,https://open.spotify.com/track/4ilaaaAMFcKJxDjyYVm74l,https://i.scdn.co/image/ab67616d0000b2736281799d359abcda6272604a
short_term,25,Suffocate,6wUK8WB3cbNUAAGjNmKy3M,"Kayzo, Bad Omens",Suffocate,2020-02-26,179200,True,CA5KR2012288,https://open.spotify.com/track/6wUK8WB3cbNUAAGjNmKy3M,https://i.scdn.co/image/ab67616d0000b27383b23e605f2f8a88b86dbfe7
short_term,26,B*tch From Da Souf (Remix) (feat. Trina),39GH3B0XsTd4SsqT7DJijs,"Latto, Saweetie, Trina",Queen of Da Souf,2020-08-21,224119,True,QZ5FA1950759,https://open.spotify.com/track/39GH3B0XsTd4SsqT7DJijs,https://i.scdn.co/image/ab67616d0000b273f3178cdf4953f654e2cc7330
short_term,27,IDWT$,0zMXsTdsUUoIbCrtUXsNyc,Bad Omens,THE DEATH OF PEACE OF MIND,2022-02-25,202952,False,USYFZ2264212,https://open.spotify.com/track/0zMXsTdsUUoIbCrtUXsNyc,https://i.scdn.co/image/ab67616d0000b273bafcef0262b82dec233717e2
short_term,28,Dangerous,105Fwh9wijwT41rrfgSnrE,Sleep Token,Even In Arcadia,2025-05-09,251373,False,USRC12500016,https://open.spotify.com/track/105Fwh9wijwT41rrfgSnrE,https://i.scdn.co/image/ab67616d0000b273882265cd9bdded9ea9a153b9
short_term,29,Like That,15cTEbiZNdgBr22kefKehi,Sleep Token,This Place Will Become Your Tomb,2021-09-24,214906,False,GBUM72101266,https://open.spotify.com/track/15cTEbiZNdgBr22kefKehi,https://i.scdn.co/image/ab67616d0000b27336afd3d53b6dcc59f3563cf9
short_term,30,LIKE A VILLAIN (LIVE 2024),1trY0YSSEfiMC70Ts9XlqR,Bad Omens,CONCRETE JUNGLE [THE OST],2024-05-31,250000,True,USYFZ2408319,https://open.spotify.com/track/1trY0YSSEfiMC70Ts9XlqR,https://i.scdn.co/image/ab67616d0000b2737400362388ac9ab2a807e597
short_term,31,Impose,3kMc83bWNdcaX1dmARQIII,Bad Omens,Impose,2025-09-10,263198,False,USFYZ2561401,https://open.spotify.com/track/3kMc83bWNdcaX1dmARQIII,https://i.scdn.co/image/ab67616d0000b273ae556ca83bfb43f60928cb66
short_term,32,The Worst In Me,3nRwDWuop6A8uaBmf4V73J,Bad Omens,Bad Omens,2016-08-19,229209,True,USYFZ1566203,https://open.spotify.com/track/3nRwDWuop6A8uaBmf4V73J,https://i.scdn.co/image/ab67616d0000b273ef21fc72f79bbe39944c6dba
short_term,33,BPD,3yYzGg1g6H8TIRpOFlzdez,YNG Martyr,CHALANT,2026-03-27,133480,True,AUGBT2516461,https://open.spotify.com/track/3yYzGg1g6H8TIRpOFlzdez,https://i.scdn.co/image/ab67616d0000b2730727da7fc4a90da6149d634a
short_term,34,Sticky Fingers,5AVpFZe1XgyzicUndjla4W,Ashnikko,Smoochies,2025-10-17,133004,True,GBAYE2500677,https://open.spotify.com/track/5AVpFZe1XgyzicUndjla4W,https://i.scdn.co/image/ab67616d0000b27341d5837533dcb87b461ea040
short_term,35,Somebody else.,5FGAJHuooznHOQeDzoQzkA,Bad Omens,THE DEATH OF PEACE OF MIND,2022-02-25,236730,False,USYFZ2264211,https://open.spotify.com/track/5FGAJHuooznHOQeDzoQzkA,https://i.scdn.co/image/ab67616d0000b273bafcef0262b82dec233717e2
short_term,36,JUST PRETEND (LIVE 2024),5O1j24fnH7XE66lf0Fns4u,Bad Omens,CONCRETE JUNGLE [THE OST],2024-05-31,587633,False,USYFZ2408325,https://open.spotify.com/track/5O1j24fnH7XE66lf0Fns4u,https://i.scdn.co/image/ab67616d0000b2737400362388ac9ab2a807e597
short_term,37,WAP (feat. Megan Thee Stallion),6j23yxl5Sktj2uvf9Yb3gK,"Cardi B, Megan Thee Stallion",AM I THE DRAMA? (Beat Edition),2025-09-18,187546,True,USAT22005111,https://open.spotify.com/track/6j23yxl5Sktj2uvf9Yb3gK,https://i.scdn.co/image/ab67616d0000b273762cb4007f96ee44852f263e
short_term,38,CONCRETE JUNGLE,6ysFjLtyUMPBZpVmewLTP2,Bad Omens,THE DEATH OF PEACE OF MIND,2022-02-25,220495,True,USYFZ2264201,https://open.spotify.com/track/6ysFjLtyUMPBZpVmewLTP2,https://i.scdn.co/image/ab67616d0000b273bafcef0262b82dec233717e2
short_term,39,Deal With It (feat. Kelis),1S85LGnDPKKOkfuFaK6vFu,"Ashnikko, Kelis",DEMIDEVIL,2021-01-15,191149,True,GBAYE2000707,https://open.spotify.com/track/1S85LGnDPKKOkfuFaK6vFu,https://i.scdn.co/image/ab67616d0000b273247c40910d2fe85a1a46b2c6
short_term,40,Dying To Love,1TPdMmb92BoWvDFQlCuVl0,Bad Omens,Dying To Love,2025-10-22,256965,False,USYFZ2564001,https://open.spotify.com/track/1TPdMmb92BoWvDFQlCuVl0,https://i.scdn.co/image/ab67616d0000b273fa72cc0f027295a503891ea9
short_term,41,Mr. Highway's Thinking About The End,3VnBhHJdT7p05Wtenu4fmt,A Day To Remember,Homesick,2009-02-03,255826,False,USVIC0944805,https://open.spotify.com/track/3VnBhHJdT7p05Wtenu4fmt,https://i.scdn.co/image/ab67616d0000b2730b02af77159866fe3e011c76
short_term,42,HEDONIST (RECHARGED),4Z26VkSLubzvD0RHsdjF61,"Bad Omens, WARGASM (UK)",CONCRETE JUNGLE [THE OST],2024-05-31,203647,True,USYFZ2408305,https://open.spotify.com/track/4Z26VkSLubzvD0RHsdjF61,https://i.scdn.co/image/ab67616d0000b2737400362388ac9ab2a807e597
short_term,43,Gods,6x4AAZvDz156sNHfMsDCSx,Sleep Token,Sundowning,2019-11-21,205480,True,GBUM71902442,https://open.spotify.com/track/6x4AAZvDz156sNHfMsDCSx,https://i.scdn.co/image/ab67616d0000b273003381f0f8b9eb37a06eeb3f
short_term,44,Provider,7JVAVLkkhpKOp8g4jX5Z12,Sleep Token,Even In Arcadia,2025-05-09,365904,False,USRC12500019,https://open.spotify.com/track/7JVAVLkkhpKOp8g4jX5Z12,https://i.scdn.co/image/ab67616d0000b273882265cd9bdded9ea9a153b9
short_term,45,Never Know (Live),07Fp7PHLBJr34jatAnRxkw,Bad Omens,LIVE,2021-07-22,211578,False,USYFZ2157501,https://open.spotify.com/track/07Fp7PHLBJr34jatAnRxkw,https://i.scdn.co/image/ab67616d0000b273927c836d5eb132b4261c6c66
short_term,46,Alkaline,0B4YX3OMtZSmPm9KpiZKl2,Sleep Token,This Place Will Become Your Tomb,2021-09-24,214106,False,GBUM72101269,https://open.spotify.com/track/0B4YX3OMtZSmPm9KpiZKl2,https://i.scdn.co/image/ab67616d0000b27336afd3d53b6dcc59f3563cf9
short_term,47,She Bad,0CfmNX2TXk7yoJqHJiixnp,"Cardi B, YG",Invasion of Privacy,2018-04-06,230952,True,USAT21801434,https://open.spotify.com/track/0CfmNX2TXk7yoJqHJiixnp,https://i.scdn.co/image/ab67616d0000b273a0caffda54afd0a65995bbab
short_term,48,The Summoning,0S38Oso3I9vpDXcTb7kYt9,Sleep Token,Take Me Back To Eden,2023-05-19,395716,False,GBUM72200352,https://open.spotify.com/track/0S38Oso3I9vpDXcTb7kYt9,https://i.scdn.co/image/ab67616d0000b2730b73608b678f169d3c8f35f0
short_term,49,Past Self,0Uvf2v96tJ5CuyK0LtyAgd,Sleep Token,Even In Arcadia,2025-05-09,214648,True,USRC12500015,https://open.spotify.com/track/0Uvf2v96tJ5CuyK0LtyAgd,https://i.scdn.co/image/ab67616d0000b273882265cd9bdded9ea9a153b9
short_term,50,WHAT DO YOU WANT FROM ME? (LIVE 2024),0waFOzA1yFtvympkVBT8Kr,Bad Omens,CONCRETE JUNGLE [THE OST],2024-05-31,224874,False,USYFZ2408321,https://open.spotify.com/track/0waFOzA1yFtvympkVBT8Kr,https://i.scdn.co/image/ab67616d0000b2737400362388ac9ab2a807e597
medium_term,1,So Far So Fake,3fWibgdtgIie6LKTZ2rUoI,Pierce The Veil,The Jaws Of Life,2023-02-10,236160,False,US5262224930,https://open.spotify.com/track/3fWibgdtgIie6LKTZ2rUoI,https://i.scdn.co/image/ab67616d0000b2732846907b5152fb7dc38e450a
medium_term,2,Body,0FlcmZ13DGRmscCroro9GO,Don Toliver,OCTANE,2026-01-30,155753,True,USAT22600118,https://open.spotify.com/track/0FlcmZ13DGRmscCroro9GO,https://i.scdn.co/image/ab67616d0000b27325c28f3c9fbdbab1a88dd619
medium_term,3,Caramel,1QrbZhFYlViXd60g130vw1,Sleep Token,Even In Arcadia,2025-05-09,290110,False,USRC12500017,https://open.spotify.com/track/1QrbZhFYlViXd60g130vw1,https://i.scdn.co/image/ab67616d0000b273882265cd9bdded9ea9a153b9
medium_term,4,Alkaline,0B4YX3OMtZSmPm9KpiZKl2,Sleep Token,This Place Will Become Your Tomb,2021-09-24,214106,False,GBUM72101269,https://open.spotify.com/track/0B4YX3OMtZSmPm9KpiZKl2,https://i.scdn.co/image/ab67616d0000b27336afd3d53b6dcc59f3563cf9
medium_term,5,Just Pretend,31rneVrsMC6jefCoDyQKam,Bad Omens,THE DEATH OF PEACE OF MIND,2022-02-25,204676,False,USYFZ2264208,https://open.spotify.com/track/31rneVrsMC6jefCoDyQKam,https://i.scdn.co/image/ab67616d0000b273bafcef0262b82dec233717e2
medium_term,6,Five Minutes to Midnight,7DYWvQ1RS986e59CXJJGxx,BOYS LIKE GIRLS,Boys Like Girls,2006,227360,False,USSM10603070,https://open.spotify.com/track/7DYWvQ1RS986e59CXJJGxx,https://i.scdn.co/image/ab67616d0000b2739d5d8ac73325fec119eecfb3
medium_term,7,The Great Escape,56Tl3UgyZTqfZtvFNS31wm,BOYS LIKE GIRLS,Boys Like Girls,2006,206520,False,USSM10603069,https://open.spotify.com/track/56Tl3UgyZTqfZtvFNS31wm,https://i.scdn.co/image/ab67616d0000b2739d5d8ac73325fec119eecfb3
medium_term,8,That's What You Get,1JdKrFyoU05abww0Zv0ayQ,Paramore,Riot!,2007-06-12,220480,False,USAT20702601,https://open.spotify.com/track/1JdKrFyoU05abww0Zv0ayQ,https://i.scdn.co/image/ab67616d0000b273bee754528c08d5ff6799a1eb
medium_term,9,Dirty Little Secret,0gSNi1CGG7ExDV8UvUsSoj,The All-American Rejects,Move Along,2005-07-12,193485,False,USDW10500128,https://open.spotify.com/track/0gSNi1CGG7ExDV8UvUsSoj,https://i.scdn.co/image/ab67616d0000b27305b9e4f856db958eacdb7cb3
medium_term,10,crushcrushcrush,3VA4sjTMSTTF02hFGmlpJh,Paramore,Riot!,2007-06-12,189373,False,USAT20702606,https://open.spotify.com/track/3VA4sjTMSTTF02hFGmlpJh,https://i.scdn.co/image/ab67616d0000b273bee754528c08d5ff6799a1eb
medium_term,11,Chokehold,1Uifdytv882RtTn6Gr4xAA,Sleep Token,Take Me Back To Eden,2023-05-19,304023,False,GBUM72200345,https://open.spotify.com/track/1Uifdytv882RtTn6Gr4xAA,https://i.scdn.co/image/ab67616d0000b2730b73608b678f169d3c8f35f0
medium_term,12,Damocles,3enIFKYJKSVyjXVzmup28I,Sleep Token,Even In Arcadia,2025-05-09,264836,False,USRC12500020,https://open.spotify.com/track/3enIFKYJKSVyjXVzmup28I,https://i.scdn.co/image/ab67616d0000b273882265cd9bdded9ea9a153b9
medium_term,13,Mr. Brightside,003vvx7Niy0yvhvHt4a68B,The Killers,Hot Fuss,2004,222973,False,USIR20400274,https://open.spotify.com/track/003vvx7Niy0yvhvHt4a68B,https://i.scdn.co/image/ab67616d0000b273ccdddd46119a4ff53eaf1f5d
medium_term,14,The Summoning,0S38Oso3I9vpDXcTb7kYt9,Sleep Token,Take Me Back To Eden,2023-05-19,395716,False,GBUM72200352,https://open.spotify.com/track/0S38Oso3I9vpDXcTb7kYt9,https://i.scdn.co/image/ab67616d0000b2730b73608b678f169d3c8f35f0
medium_term,15,All The Small Things,2m1hi0nfMR9vdGC8UcrnwU,blink-182,Enema Of The State,1999-06-01,167066,False,USMC19959123,https://open.spotify.com/track/2m1hi0nfMR9vdGC8UcrnwU,https://i.scdn.co/image/ab67616d0000b2736da502e35a7a3e48de2b0f74
medium_term,16,The Kill (Bury Me),12IZu2qzsoaHgHlCfjwwjs,Thirty Seconds To Mars,A Beautiful Lie (Brazilian Version),2005,231533,False,USVI20500136,https://open.spotify.com/track/12IZu2qzsoaHgHlCfjwwjs,https://i.scdn.co/image/ab67616d0000b273f0b0a20bf4ddc2c9af6d53e0
medium_term,17,Specter,5krhWYmWIKJhI96deUujm8,Bad Omens,Specter,2025-08-09,274408,False,USYFZ2559001,https://open.spotify.com/track/5krhWYmWIKJhI96deUujm8,https://i.scdn.co/image/ab67616d0000b273291facfe6e704c2a78d36782
medium_term,18,Dangerous,105Fwh9wijwT41rrfgSnrE,Sleep Token,Even In Arcadia,2025-05-09,251373,False,USRC12500016,https://open.spotify.com/track/105Fwh9wijwT41rrfgSnrE,https://i.scdn.co/image/ab67616d0000b273882265cd9bdded9ea9a153b9
medium_term,19,Emergence,2OMjHcniFxzijWX7EaBrXE,Sleep Token,Even In Arcadia,2025-05-09,386253,False,USRC12500014,https://open.spotify.com/track/2OMjHcniFxzijWX7EaBrXE,https://i.scdn.co/image/ab67616d0000b273882265cd9bdded9ea9a153b9
medium_term,20,Look To Windward,4Lojbtk7XNMdSKRHSFbdkm,Sleep Token,Even In Arcadia,2025-05-09,466463,False,USRC12500013,https://open.spotify.com/track/4Lojbtk7XNMdSKRHSFbdkm,https://i.scdn.co/image/ab67616d0000b273882265cd9bdded9ea9a153b9
medium_term,21,Granite,4mxiv6HQfhqgIuN5iOONQd,Sleep Token,Take Me Back To Eden,2023-05-19,225426,False,GBUM72200348,https://open.spotify.com/track/4mxiv6HQfhqgIuN5iOONQd,https://i.scdn.co/image/ab67616d0000b2730b73608b678f169d3c8f35f0
medium_term,22,High Water,4wH1pXy6wTxvUnRmWaHWaP,Sleep Token,This Place Will Become Your Tomb,2021-09-24,313280,False,GBUM72101273,https://open.spotify.com/track/4wH1pXy6wTxvUnRmWaHWaP,https://i.scdn.co/image/ab67616d0000b27336afd3d53b6dcc59f3563cf9
medium_term,23,Limits,20eY1iHCeGknUmolCjYFoG,Bad Omens,Finding God Before God Finds Me (Deluxe),2020-01-17,207854,False,USYFZ2028402,https://open.spotify.com/track/20eY1iHCeGknUmolCjYFoG,https://i.scdn.co/image/ab67616d0000b2736281799d359abcda6272604a
medium_term,24,Like That,15cTEbiZNdgBr22kefKehi,Sleep Token,This Place Will Become Your Tomb,2021-09-24,214906,False,GBUM72101266,https://open.spotify.com/track/15cTEbiZNdgBr22kefKehi,https://i.scdn.co/image/ab67616d0000b27336afd3d53b6dcc59f3563cf9
medium_term,25,The Offering,1lXAzSbRH4VXrqgFuPQSFp,Sleep Token,Sundowning,2019-11-21,349653,False,GBUM71902435,https://open.spotify.com/track/1lXAzSbRH4VXrqgFuPQSFp,https://i.scdn.co/image/ab67616d0000b273003381f0f8b9eb37a06eeb3f
medium_term,26,Take Me First,5niq3p5CyfhApzRbLVGWYI,Bad Omens,THE DEATH OF PEACE OF MIND,2022-02-25,199685,False,USYFZ2264203,https://open.spotify.com/track/5niq3p5CyfhApzRbLVGWYI,https://i.scdn.co/image/ab67616d0000b273bafcef0262b82dec233717e2
medium_term,27,EVEN,1j7TAN03fI28ylpMmuQ3D5,Bad Omens,CONCRETE JUNGLE [THE OST],2024-05-31,178235,False,USYFZ2408306,https://open.spotify.com/track/1j7TAN03fI28ylpMmuQ3D5,https://i.scdn.co/image/ab67616d0000b2737400362388ac9ab2a807e597
medium_term,28,Never Know,4ilaaaAMFcKJxDjyYVm74l,Bad Omens,Finding God Before God Finds Me (Deluxe),2020-01-17,213851,False,USYFZ2028401,https://open.spotify.com/track/4ilaaaAMFcKJxDjyYVm74l,https://i.scdn.co/image/ab67616d0000b2736281799d359abcda6272604a
medium_term,29,Provider,7JVAVLkkhpKOp8g4jX5Z12,Sleep Token,Even In Arcadia,2025-05-09,365904,False,USRC12500019,https://open.spotify.com/track/7JVAVLkkhpKOp8g4jX5Z12,https://i.scdn.co/image/ab67616d0000b273882265cd9bdded9ea9a153b9
medium_term,30,Past Self,0Uvf2v96tJ5CuyK0LtyAgd,Sleep Token,Even In Arcadia,2025-05-09,214648,True,USRC12500015,https://open.spotify.com/track/0Uvf2v96tJ5CuyK0LtyAgd,https://i.scdn.co/image/ab67616d0000b273882265cd9bdded9ea9a153b9
medium_term,31,Gethsemane,29JLgNBcOky7QB68OrvYxO,Sleep Token,Even In Arcadia,2025-05-09,383400,False,USRC12500021,https://open.spotify.com/track/29JLgNBcOky7QB68OrvYxO,https://i.scdn.co/image/ab67616d0000b273882265cd9bdded9ea9a153b9
medium_term,32,Even In Arcadia,4IixOTCzviJgIigKleiVbo,Sleep Token,Even In Arcadia,2025-05-09,268369,False,USRC12500018,https://open.spotify.com/track/4IixOTCzviJgIigKleiVbo,https://i.scdn.co/image/ab67616d0000b273882265cd9bdded9ea9a153b9
medium_term,33,The Bomb Dot Com V2.0,6WBkSZbGBaIWnEgnMoXEJU,Sleeping With Sirens,With Ears To See And Eyes To Hear,2010-03-22,211720,False,USEK71009302,https://open.spotify.com/track/6WBkSZbGBaIWnEgnMoXEJU,https://i.scdn.co/image/ab67616d0000b273032fd22bde573d0746c87352
medium_term,34,IDWT$,0zMXsTdsUUoIbCrtUXsNyc,Bad Omens,THE DEATH OF PEACE OF MIND,2022-02-25,202952,False,USYFZ2264212,https://open.spotify.com/track/0zMXsTdsUUoIbCrtUXsNyc,https://i.scdn.co/image/ab67616d0000b273bafcef0262b82dec233717e2
medium_term,35,Hero / Heroine - Tom Lord-Alge Mix,1uVll3x5QBjHNEwU6ENwTy,BOYS LIKE GIRLS,Boys Like Girls,2006,232240,False,USSM10704438,https://open.spotify.com/track/1uVll3x5QBjHNEwU6ENwTy,https://i.scdn.co/image/ab67616d0000b2739d5d8ac73325fec119eecfb3
medium_term,36,Dance Hall Drug,60IEzuxFzbIl7st0JfbFRD,BOYS LIKE GIRLS,Boys Like Girls,2006,209920,False,USSM10603076,https://open.spotify.com/track/60IEzuxFzbIl7st0JfbFRD,https://i.scdn.co/image/ab67616d0000b2739d5d8ac73325fec119eecfb3
medium_term,37,Holiday / Boulevard of Broken Dreams,0MsrWnxQZxPAcov7c74sSo,Green Day,American Idiot,2004-09-21,493400,True,USRE10401218,https://open.spotify.com/track/0MsrWnxQZxPAcov7c74sSo,https://i.scdn.co/image/ab67616d0000b27308a1b1e0674086d3f1995e1b
medium_term,38,Higher,2S4q08im3SvocGZulxj2cP,Sleep Token,Sundowning,2019-11-21,321706,False,GBUM71902438,https://open.spotify.com/track/2S4q08im3SvocGZulxj2cP,https://i.scdn.co/image/ab67616d0000b273003381f0f8b9eb37a06eeb3f
medium_term,39,Dark Signs,39I8byKcHBzTQbtbxTBSM7,Sleep Token,Sundowning,2019-11-21,268400,False,GBUM71902437,https://open.spotify.com/track/39I8byKcHBzTQbtbxTBSM7,https://i.scdn.co/image/ab67616d0000b273003381f0f8b9eb37a06eeb3f
medium_term,40,Infinite Baths,3lGs8BwNj35qaBx3uSOQdR,Sleep Token,Even In Arcadia,2025-05-09,503258,False,USRC12500022,https://open.spotify.com/track/3lGs8BwNj35qaBx3uSOQdR,https://i.scdn.co/image/ab67616d0000b273882265cd9bdded9ea9a153b9
medium_term,41,Distraction,53oDKpNb7Dul7sINdxaiNa,Sleep Token,This Place Will Become Your Tomb,2021-09-24,262413,False,GBUM72101270,https://open.spotify.com/track/53oDKpNb7Dul7sINdxaiNa,https://i.scdn.co/image/ab67616d0000b27336afd3d53b6dcc59f3563cf9
medium_term,42,V.A.N,5SlxykqNSR8fnLIjlgNBFq,"Bad Omens, Poppy",CONCRETE JUNGLE [THE OST],2024-05-31,274098,False,USYFZ2399601,https://open.spotify.com/track/5SlxykqNSR8fnLIjlgNBFq,https://i.scdn.co/image/ab67616d0000b2737400362388ac9ab2a807e597
medium_term,43,Sugar,6kxSspYgCP6DmpLwqmrZ3O,Sleep Token,Sundowning,2019-11-21,292000,False,GBUM71902443,https://open.spotify.com/track/6kxSspYgCP6DmpLwqmrZ3O,https://i.scdn.co/image/ab67616d0000b273003381f0f8b9eb37a06eeb3f
medium_term,44,The Diary of Jane - Single Version,0faXHILILebCGnJBPU6KJJ,Breaking Benjamin,Phobia (Clean Version),2006-01-01,200546,False,USHR10622153,https://open.spotify.com/track/0faXHILILebCGnJBPU6KJJ,https://i.scdn.co/image/ab67616d0000b2735aa75a47afe2804e280bd149
medium_term,45,"A Little Less Sixteen Candles, A Little More ""Touch Me""",4pmU8AtVu9qU40Xd9zjEfA,Fall Out Boy,From Under The Cork Tree,2005-05-03,169026,False,USDJ20500171,https://open.spotify.com/track/4pmU8AtVu9qU40Xd9zjEfA,https://i.scdn.co/image/ab67616d0000b27371565eda831124be86c603d5
medium_term,46,Ocean Avenue,23oxJmDc1V9uLUSmN2LIvx,Yellowcard,Ocean Avenue,2003-01-01,198266,False,USCA20300233,https://open.spotify.com/track/23oxJmDc1V9uLUSmN2LIvx,https://i.scdn.co/image/ab67616d0000b273d1fd8f264564d9eef7617a45
medium_term,47,Let the Flames Begin,2myJNvcL71V5IZ1N2NW29O,Paramore,Riot!,2007-06-12,198226,False,USAT20702604,https://open.spotify.com/track/2myJNvcL71V5IZ1N2NW29O,https://i.scdn.co/image/ab67616d0000b27369966efa45b125ed6711b43c
medium_term,48,"Me, You and My Medication",5RYIR50nbz0ze00MT4jQzN,BOYS LIKE GIRLS,Boys Like Girls,2006,268533,False,USSM10603074,https://open.spotify.com/track/5RYIR50nbz0ze00MT4jQzN,https://i.scdn.co/image/ab67616d0000b2739d5d8ac73325fec119eecfb3
medium_term,49,Take Me Back To Eden,2Gt7fjNlx901pPRkvBiNBZ,Sleep Token,Take Me Back To Eden,2023-05-19,500116,False,GBUM72200350,https://open.spotify.com/track/2Gt7fjNlx901pPRkvBiNBZ,https://i.scdn.co/image/ab67616d0000b2730b73608b678f169d3c8f35f0
medium_term,50,Fall For Me,3UwtS13MeMT2Nu2rRwa50I,Sleep Token,This Place Will Become Your Tomb,2021-09-24,146213,False,GBUM72101268,https://open.spotify.com/track/3UwtS13MeMT2Nu2rRwa50I,https://i.scdn.co/image/ab67616d0000b27336afd3d53b6dcc59f3563cf9
long_term,1,So Far So Fake,13stp0nnDasTMr5aqq6CLX,Pierce The Veil,The Jaws Of Life (Deluxe),2025-05-09,236166,False,US5262224930,https://open.spotify.com/track/13stp0nnDasTMr5aqq6CLX,https://i.scdn.co/image/ab67616d0000b2736148fac84d9ea47184729763
long_term,2,Provider,7JVAVLkkhpKOp8g4jX5Z12,Sleep Token,Even In Arcadia,2025-05-09,365904,False,USRC12500019,https://open.spotify.com/track/7JVAVLkkhpKOp8g4jX5Z12,https://i.scdn.co/image/ab67616d0000b273882265cd9bdded9ea9a153b9
long_term,3,Dark Signs,39I8byKcHBzTQbtbxTBSM7,Sleep Token,Sundowning,2019-11-21,268400,False,GBUM71902437,https://open.spotify.com/track/39I8byKcHBzTQbtbxTBSM7,https://i.scdn.co/image/ab67616d0000b273003381f0f8b9eb37a06eeb3f
long_term,4,Dangerous,105Fwh9wijwT41rrfgSnrE,Sleep Token,Even In Arcadia,2025-05-09,251373,False,USRC12500016,https://open.spotify.com/track/105Fwh9wijwT41rrfgSnrE,https://i.scdn.co/image/ab67616d0000b273882265cd9bdded9ea9a153b9
long_term,5,The Offering,1lXAzSbRH4VXrqgFuPQSFp,Sleep Token,Sundowning,2019-11-21,349653,False,GBUM71902435,https://open.spotify.com/track/1lXAzSbRH4VXrqgFuPQSFp,https://i.scdn.co/image/ab67616d0000b273003381f0f8b9eb37a06eeb3f
long_term,6,Look To Windward,4Lojbtk7XNMdSKRHSFbdkm,Sleep Token,Even In Arcadia,2025-05-09,466463,False,USRC12500013,https://open.spotify.com/track/4Lojbtk7XNMdSKRHSFbdkm,https://i.scdn.co/image/ab67616d0000b273882265cd9bdded9ea9a153b9
long_term,7,Higher,2S4q08im3SvocGZulxj2cP,Sleep Token,Sundowning,2019-11-21,321706,False,GBUM71902438,https://open.spotify.com/track/2S4q08im3SvocGZulxj2cP,https://i.scdn.co/image/ab67616d0000b273003381f0f8b9eb37a06eeb3f
long_term,8,Rain,0GXwlEXCO8qeeeOIYpsR3m,Sleep Token,Take Me Back To Eden,2023-05-19,252158,False,GBUM72200349,https://open.spotify.com/track/0GXwlEXCO8qeeeOIYpsR3m,https://i.scdn.co/image/ab67616d0000b2730b73608b678f169d3c8f35f0
long_term,9,Atlantic,0asMwoxaKllA4Cm791LGOW,Sleep Token,This Place Will Become Your Tomb,2021-09-24,293000,False,GBUM72101263,https://open.spotify.com/track/0asMwoxaKllA4Cm791LGOW,https://i.scdn.co/image/ab67616d0000b27336afd3d53b6dcc59f3563cf9
long_term,10,Past Self,0Uvf2v96tJ5CuyK0LtyAgd,Sleep Token,Even In Arcadia,2025-05-09,214648,True,USRC12500015,https://open.spotify.com/track/0Uvf2v96tJ5CuyK0LtyAgd,https://i.scdn.co/image/ab67616d0000b273882265cd9bdded9ea9a153b9
long_term,11,Sugar,6kxSspYgCP6DmpLwqmrZ3O,Sleep Token,Sundowning,2019-11-21,292000,False,GBUM71902443,https://open.spotify.com/track/6kxSspYgCP6DmpLwqmrZ3O,https://i.scdn.co/image/ab67616d0000b273003381f0f8b9eb37a06eeb3f
long_term,12,Give,1LzRiE4LCTF80qZectiltH,Sleep Token,Sundowning,2019-11-21,236306,False,GBUM71902441,https://open.spotify.com/track/1LzRiE4LCTF80qZectiltH,https://i.scdn.co/image/ab67616d0000b273003381f0f8b9eb37a06eeb3f
long_term,13,Caramel,1QrbZhFYlViXd60g130vw1,Sleep Token,Even In Arcadia,2025-05-09,290110,False,USRC12500017,https://open.spotify.com/track/1QrbZhFYlViXd60g130vw1,https://i.scdn.co/image/ab67616d0000b273882265cd9bdded9ea9a153b9
long_term,14,Emergence,2OMjHcniFxzijWX7EaBrXE,Sleep Token,Even In Arcadia,2025-05-09,386253,False,USRC12500014,https://open.spotify.com/track/2OMjHcniFxzijWX7EaBrXE,https://i.scdn.co/image/ab67616d0000b273882265cd9bdded9ea9a153b9
long_term,15,Alkaline,0B4YX3OMtZSmPm9KpiZKl2,Sleep Token,This Place Will Become Your Tomb,2021-09-24,214106,False,GBUM72101269,https://open.spotify.com/track/0B4YX3OMtZSmPm9KpiZKl2,https://i.scdn.co/image/ab67616d0000b27336afd3d53b6dcc59f3563cf9
long_term,16,Nazareth,2S53xe3CB5RgDELKeU97g0,Sleep Token,Two,2017-07-21,336840,True,UK2D51700056,https://open.spotify.com/track/2S53xe3CB5RgDELKeU97g0,https://i.scdn.co/image/ab67616d0000b27359bd201a6732ae903d3b7f7a
long_term,17,Chokehold,1Uifdytv882RtTn6Gr4xAA,Sleep Token,Take Me Back To Eden,2023-05-19,304023,False,GBUM72200345,https://open.spotify.com/track/1Uifdytv882RtTn6Gr4xAA,https://i.scdn.co/image/ab67616d0000b2730b73608b678f169d3c8f35f0
long_term,18,Granite,4mxiv6HQfhqgIuN5iOONQd,Sleep Token,Take Me Back To Eden,2023-05-19,225426,False,GBUM72200348,https://open.spotify.com/track/4mxiv6HQfhqgIuN5iOONQd,https://i.scdn.co/image/ab67616d0000b2730b73608b678f169d3c8f35f0
long_term,19,Cowboy,2bO3U0Ez4tZPmXjIwbgqQO,"Selena Gomez, benny blanco",I Said I Love You First...,2025-03-28,184153,True,USUG12408962,https://open.spotify.com/track/2bO3U0Ez4tZPmXjIwbgqQO,https://i.scdn.co/image/ab67616d0000b2732277eb6b47089ae5f64b50e5
long_term,20,The Apparition,21eMasL93nEafqRwlI851z,Sleep Token,Take Me Back To Eden,2023-05-19,268159,False,GBUM72200351,https://open.spotify.com/track/21eMasL93nEafqRwlI851z,https://i.scdn.co/image/ab67616d0000b2730b73608b678f169d3c8f35f0
long_term,21,Gethsemane,29JLgNBcOky7QB68OrvYxO,Sleep Token,Even In Arcadia,2025-05-09,383400,False,USRC12500021,https://open.spotify.com/track/29JLgNBcOky7QB68OrvYxO,https://i.scdn.co/image/ab67616d0000b273882265cd9bdded9ea9a153b9
long_term,22,Jaws,2GPdGwBnFfruzFbJPd7uQS,Sleep Token,Jaws,2018-06-04,355300,False,TCADQ1845754,https://open.spotify.com/track/2GPdGwBnFfruzFbJPd7uQS,https://i.scdn.co/image/ab67616d0000b27347ae97dba7a4aa79e5342de2
long_term,23,Caramel,3AdXwuFn7j21HNiFMXvZXt,Sleep Token,Caramel,2025-04-04,290110,False,USRC12500017,https://open.spotify.com/track/3AdXwuFn7j21HNiFMXvZXt,https://i.scdn.co/image/ab67616d0000b27327c7a5bc90883323e1fe06be
long_term,24,Take Me Back To Eden,2Gt7fjNlx901pPRkvBiNBZ,Sleep Token,Take Me Back To Eden,2023-05-19,500116,False,GBUM72200350,https://open.spotify.com/track/2Gt7fjNlx901pPRkvBiNBZ,https://i.scdn.co/image/ab67616d0000b2730b73608b678f169d3c8f35f0
long_term,25,The Summoning,0S38Oso3I9vpDXcTb7kYt9,Sleep Token,Take Me Back To Eden,2023-05-19,395716,False,GBUM72200352,https://open.spotify.com/track/0S38Oso3I9vpDXcTb7kYt9,https://i.scdn.co/image/ab67616d0000b2730b73608b678f169d3c8f35f0
long_term,26,Even In Arcadia,4IixOTCzviJgIigKleiVbo,Sleep Token,Even In Arcadia,2025-05-09,268369,False,USRC12500018,https://open.spotify.com/track/4IixOTCzviJgIigKleiVbo,https://i.scdn.co/image/ab67616d0000b273882265cd9bdded9ea9a153b9
long_term,27,Damocles,3enIFKYJKSVyjXVzmup28I,Sleep Token,Even In Arcadia,2025-05-09,264836,False,USRC12500020,https://open.spotify.com/track/3enIFKYJKSVyjXVzmup28I,https://i.scdn.co/image/ab67616d0000b273882265cd9bdded9ea9a153b9
long_term,28,Ascensionism,2Z1eWq9VOXkCzUmcU6uoNe,Sleep Token,Take Me Back To Eden,2023-05-19,428713,False,GBUM72200344,https://open.spotify.com/track/2Z1eWq9VOXkCzUmcU6uoNe,https://i.scdn.co/image/ab67616d0000b2730b73608b678f169d3c8f35f0
long_term,29,The Summoning,3hql0mbMMRqo3V3XfrTu73,Sleep Token,Vore,2023-02-16,395716,False,GBUM72200352,https://open.spotify.com/track/3hql0mbMMRqo3V3XfrTu73,https://i.scdn.co/image/ab67616d0000b273d5449ab46998735bbba511f1
long_term,30,Infinite Baths,3lGs8BwNj35qaBx3uSOQdR,Sleep Token,Even In Arcadia,2025-05-09,503258,False,USRC12500022,https://open.spotify.com/track/3lGs8BwNj35qaBx3uSOQdR,https://i.scdn.co/image/ab67616d0000b273882265cd9bdded9ea9a153b9
long_term,31,Blood Sport,30uhVtb7vfBoUkyGpcvYGJ,Sleep Token,Sundowning,2019-11-21,247200,False,GBUM71902446,https://open.spotify.com/track/30uhVtb7vfBoUkyGpcvYGJ,https://i.scdn.co/image/ab67616d0000b273003381f0f8b9eb37a06eeb3f
long_term,32,Aqua Regia,5ub6Cb5yKmgGGwjvqZM1gI,Sleep Token,Take Me Back To Eden,2023-05-19,236020,False,GBUM72200342,https://open.spotify.com/track/5ub6Cb5yKmgGGwjvqZM1gI,https://i.scdn.co/image/ab67616d0000b2730b73608b678f169d3c8f35f0
long_term,33,Damocles,1ulH5PIntNj0ro2K69W4Fx,Sleep Token,Damocles,2025-04-25,264836,False,USRC12500020,https://open.spotify.com/track/1ulH5PIntNj0ro2K69W4Fx,https://i.scdn.co/image/ab67616d0000b2735064e08433868d1edca6e60e
long_term,34,High Water,4wH1pXy6wTxvUnRmWaHWaP,Sleep Token,This Place Will Become Your Tomb,2021-09-24,313280,False,GBUM72101273,https://open.spotify.com/track/4wH1pXy6wTxvUnRmWaHWaP,https://i.scdn.co/image/ab67616d0000b27336afd3d53b6dcc59f3563cf9
long_term,35,Emergence,5NRpxJxtR6JkUhQS4F0um6,Sleep Token,Emergence,2025-03-13,386253,False,USRC12500014,https://open.spotify.com/track/5NRpxJxtR6JkUhQS4F0um6,https://i.scdn.co/image/ab67616d0000b2738da7083b2e034d220a89b4be
long_term,36,Descending,2m0fQ8Rw63mN8IB69EJGrI,Sleep Token,This Place Will Become Your Tomb,2021-09-24,278106,False,GBUM72101271,https://open.spotify.com/track/2m0fQ8Rw63mN8IB69EJGrI,https://i.scdn.co/image/ab67616d0000b27336afd3d53b6dcc59f3563cf9
long_term,37,The Summoning,1yCE0X5qLWOrLkR8NC0ZUJ,Sleep Token,The Summoning,2023-01-06,395716,False,GBUM72200352,https://open.spotify.com/track/1yCE0X5qLWOrLkR8NC0ZUJ,https://i.scdn.co/image/ab67616d0000b2739d62fac089698961eab30227
long_term,38,Like That,15cTEbiZNdgBr22kefKehi,Sleep Token,This Place Will Become Your Tomb,2021-09-24,214906,False,GBUM72101266,https://open.spotify.com/track/15cTEbiZNdgBr22kefKehi,https://i.scdn.co/image/ab67616d0000b27336afd3d53b6dcc59f3563cf9
long_term,39,Gods,6x4AAZvDz156sNHfMsDCSx,Sleep Token,Sundowning,2019-11-21,205480,True,GBUM71902442,https://open.spotify.com/track/6x4AAZvDz156sNHfMsDCSx,https://i.scdn.co/image/ab67616d0000b273003381f0f8b9eb37a06eeb3f
long_term,40,Hypnosis,2UH4BOPtTsRVQBy7abPdat,Sleep Token,This Place Will Become Your Tomb,2021-09-24,335960,False,GBUM72101264,https://open.spotify.com/track/2UH4BOPtTsRVQBy7abPdat,https://i.scdn.co/image/ab67616d0000b27336afd3d53b6dcc59f3563cf9
long_term,41,Blood Sport - from the room below,0KXo5mxUPK5KTK4BRqAGVh,Sleep Token,Sundowning (Deluxe),2020-06-20,255146,False,GBUM72002302,https://open.spotify.com/track/0KXo5mxUPK5KTK4BRqAGVh,https://i.scdn.co/image/ab67616d0000b273dc830e56d159ac4374065749
long_term,42,Drag Me Under,4nPARYEy8oSBgvVh0JcZkW,Sleep Token,Sundowning,2019-11-21,236760,False,GBUM71902445,https://open.spotify.com/track/4nPARYEy8oSBgvVh0JcZkW,https://i.scdn.co/image/ab67616d0000b273003381f0f8b9eb37a06eeb3f
long_term,43,BPD,5Vtt7pgF5YkTaMNPALLfP8,YNG Martyr,BPD,2025-07-25,135266,True,AUGBT2516461,https://open.spotify.com/track/5Vtt7pgF5YkTaMNPALLfP8,https://i.scdn.co/image/ab67616d0000b273f95f74847aaa2a70c3abedf9
long_term,44,Missing Limbs,10aGiE3OEk4dKeUzcHINZs,Sleep Token,This Place Will Become Your Tomb,2021-09-24,200946,False,GBUM72101274,https://open.spotify.com/track/10aGiE3OEk4dKeUzcHINZs,https://i.scdn.co/image/ab67616d0000b27336afd3d53b6dcc59f3563cf9
long_term,45,Sticky Fingers,6Nxj55nWZpi2uOXRVMfMY3,Ashnikko,Sticky Fingers,2025-08-29,133004,True,GBAYE2500677,https://open.spotify.com/track/6Nxj55nWZpi2uOXRVMfMY3,https://i.scdn.co/image/ab67616d0000b2735dd20d33f72738924b446953
long_term,46,Say That You Will,7w9k3LvPG5ykRK5UNMjwTB,Sleep Token,Sundowning,2019-11-21,303053,False,GBUM71902444,https://open.spotify.com/track/7w9k3LvPG5ykRK5UNMjwTB,https://i.scdn.co/image/ab67616d0000b273003381f0f8b9eb37a06eeb3f
long_term,47,Distraction,53oDKpNb7Dul7sINdxaiNa,Sleep Token,This Place Will Become Your Tomb,2021-09-24,262413,False,GBUM72101270,https://open.spotify.com/track/53oDKpNb7Dul7sINdxaiNa,https://i.scdn.co/image/ab67616d0000b27336afd3d53b6dcc59f3563cf9
long_term,48,Jericho,1jTutTLIxJ46mtNsrvWLyT,Sleep Token,Two,2017-07-21,317093,False,UK2D51700057,https://open.spotify.com/track/1jTutTLIxJ46mtNsrvWLyT,https://i.scdn.co/image/ab67616d0000b27359bd201a6732ae903d3b7f7a
long_term,49,About That Time,57dJa4G5Iaz26OMpGeJqmj,Kidz Bop Kids,KIDZ BOP 2023,2023-01-20,192008,False,USAB02202164,https://open.spotify.com/track/57dJa4G5Iaz26OMpGeJqmj,https://i.scdn.co/image/ab67616d0000b27359ccf819b19fe18a2aef09a0
long_term,50,Mine,3mkxroy1t6J9HGywwjjE5a,Sleep Token,This Place Will Become Your Tomb,2021-09-24,296533,False,GBUM72101265,https://open.spotify.com/track/3mkxroy1t6J9HGywwjjE5a,https://i.scdn.co/image/ab67616d0000b27336afd3d53b6dcc59f3563cf9
